,0
0,Male
1,Male
2,Male
3,Male
4,Male
5,Male
6,Female
7,Female
8,Male
9,Male
10,Female
11,Male
12,Female
13,Male
14,Male
15,Female
16,Male
17,Male
18,Male
19,Male
20,Male
21,Female
22,Female
23,Male
24,Male
25,Male
26,Male
27,Male
28,Male
29,Male
30,Male
31,Male
32,Female
33,Male
34,Female
35,Male
36,Male
37,Male
38,Male
39,Male
40,Male
41,Male
42,Male
43,Male
44,Male
45,Female
46,Male
47,Male
48,Female
49,Male
50,Female
51,Male
52,Female
53,Female
54,Male
55,Male
56,Male
57,Female
58,Male
59,Female
60,Male
61,Male
62,Male
63,Male
64,Male
65,Male
66,Female
67,Male
68,Male
69,Male
70,Female
71,Female
72,Male
73,Male
74,Male
75,Male
76,Male
77,Male
78,Male
79,Male
80,Male
81,Male
82,Male
83,Female
84,Male
85,Male
86,Female
87,Male
88,Male
89,Female
90,Female
91,Male
92,Male
93,Male
94,Male
95,Male
96,Male
97,Male
98,Male
99,Male
100,Male
101,Male
102,Male
103,Male
104,Male
105,Male
106,Female
107,Male
108,Male
109,Male
110,Male
111,Female
112,Male
113,Male
114,Male
115,Male
116,Female
117,Female
118,Female
119,Male
120,Male
121,Male
122,Male
123,Female
124,Male
125,Male
126,Female
127,Female
128,Male
129,Male
130,Male
131,Female
132,Female
133,Female
134,Female
135,Male
136,Male
137,Male
138,Male
139,Male
140,Male
141,Male
142,Male
143,Male
144,Male
145,Male
146,Male
147,Male
148,Male
149,Male
150,Male
151,Male
152,Male
153,Male
154,Male
155,Male
156,Male
157,Male
158,Male
159,Male
160,Female
161,Male
162,Male
163,Male
164,Male
165,Male
166,Male
167,Male
168,Male
169,Male
170,Male
171,Male
172,Male
173,Male
174,Female
175,Male
176,Male
177,Female
178,Male
179,Male
180,Female
181,Male
182,Male
183,Male
184,Male
185,Male
186,Female
187,Male
188,Male
189,Male
190,Female
191,Male
192,Male
193,Female
194,Male
195,Male
196,Male
197,Male
198,Female
199,Female
200,Male
201,Male
202,Male
203,Female
204,Female
205,Female
206,Female
207,Male
208,Male
209,Male
210,Male
211,Male
212,Male
213,Male
214,Male
215,Female
216,Male
217,Male
218,Male
219,Male
220,Male
221,Female
222,Male
223,Male
224,Male
225,Male
226,Female
227,Male
228,Female
229,Female
230,Female
231,Male
232,Male
233,Female
234,Male
235,Female
236,Male
237,Male
238,Male
239,Male
240,Male
241,Male
242,Female
243,Male
244,Male
245,Female
246,Male
247,Male
248,Male
249,Male
250,Male
251,Male
252,Male
253,Female
254,Male
255,Male
256,Male
257,Male
258,Female
259,Female
260,Male
261,Male
262,Male
263,Male
264,Male
265,Male
266,Male
267,Male
268,Male
269,Male
270,Male
271,Male
272,Male
273,Male
274,Female
275,Male
276,Male
277,Male
278,Male
279,Male
280,Male
281,Female
282,Male
283,Male
284,Male
285,Male
286,Female
287,Male
288,Male
289,Male
290,Female
291,Male
292,Male
293,Male
294,Female
295,Male
296,Male
297,Male
298,Male
299,Male
300,Male
301,Male
302,Male
303,Male
304,Male
305,Female
306,Male
307,Male
308,Male
309,Male
310,Male
311,Male
312,Male
313,Male
314,Male
315,Male
316,Female
317,Male
318,Male
319,Male
320,Male
321,Male
322,Male
323,Male
324,Male
325,Male
326,Male
327,Male
328,Male
329,Male
330,Female
331,Male
332,Female
333,Female
334,Female
335,Male
336,Female
337,Male
338,Male
339,Male
340,Male
341,Female
342,Male
343,Female
344,Female
345,Female
346,Male
347,Male
348,Female
349,Male
350,Male
351,Male
352,Female
353,Male
354,Male
355,Female
356,Male
357,Male
358,Male
359,Male
360,Male
361,Male
362,Male
363,Male
364,Male
365,Male
366,Male
367,Male
368,Female
369,Male
370,Male
371,Male
372,Male
373,Male
374,Male
375,Male
376,Male
377,Female
378,Female
379,Male
380,Male
381,Female
382,Female
383,Male
384,Female
385,Male
386,Male
